Image,Id
172ec7dfa.jpg,w_099bcbc
393a27ead.jpg,w_10bb1ba
606e2dea2.jpg,w_06471d5
3cc8cd1f2.jpg,w_101990d
3cc817781.jpg,w_0f73f48
faf42b9c6.jpg,w_03670aa
877c6fa96.jpg,w_0ee1b0f
3577588f3.jpg,w_06935ed
3f375971e.jpg,w_0db2e26
099e81760.jpg,w_0fdf741
e1a9d002e.jpg,w_09de1a5
08db58a5f.jpg,w_01f14e1
e70aff3bc.jpg,w_08630fd
a5506f54d.jpg,w_08630fd
1cc70cd8f.jpg,w_06d2e72
b09b1548b.jpg,w_0a155b9
ffa9fc95d.jpg,w_107b98e
e542da67f.jpg,w_0f8b8e2
c5ea2206c.jpg,w_01cb0c4
ca4fe987e.jpg,w_0bfdcca
1df439ae2.jpg,w_112d2f8
f30732646.jpg,w_0189b6d
e70b82c7b.jpg,w_0577ccc
b26b048d7.jpg,w_0369a5c
12b3f7b9f.jpg,w_022b708
be924ac3a.jpg,w_0630c3e
843f1f43c.jpg,w_0531ad5
20d4abba8.jpg,w_0369a5c
95ab1e43b.jpg,w_0182687
d90659998.jpg,w_0ea7436
cfa6a18a3.jpg,w_0369a5c
e62cd8b58.jpg,w_08630fd
57ab7d806.jpg,w_01ed442
40a195149.jpg,w_03a82c1
0cdcd0625.jpg,w_0718183
b6918b6a7.jpg,w_01cb0c4
b69c9a8ff.jpg,w_0cfdaa5
c30634691.jpg,w_0888e56
14c5eb662.jpg,w_025911c
06504fa5b.jpg,w_0cbf1b3
9963c8e02.jpg,w_02156b0
4933c18f2.jpg,w_04d1c8c
12035e558.jpg,w_074530d
d4552fd5d.jpg,w_0e9f07a
ad06fa5c7.jpg,w_0cbf1b3
f00302449.jpg,w_0f466a5
96799c57c.jpg,w_08630fd
d4aa48806.jpg,w_090c801
fc21bc1ed.jpg,w_0e0f074
278c0d3c5.jpg,w_0f25e6b
4b6a95627.jpg,w_0dfb4f6
6535a602e.jpg,w_0b9cab4
97bbaa304.jpg,w_007fefa
6449aa341.jpg,w_015a4bf
b64dfd7dc.jpg,w_08d62ee
6cf91fc57.jpg,w_0fe07b7
4fa83ec0a.jpg,w_0277a07
d5cf5c167.jpg,w_0bb71d3
621165b92.jpg,w_0ca546b
34f327d14.jpg,w_04713fd
d8dd7c977.jpg,w_0bc078c
b0455d69c.jpg,w_0531ad5
6d56a998e.jpg,w_03670aa
bfb227655.jpg,w_082978e
cb9c67d8d.jpg,w_0135f5f
e9475ab7b.jpg,w_025911c
35d796c00.jpg,w_0fdf741
e365e238c.jpg,w_1082fdc
50eca13a6.jpg,w_0a155b9
6c877c33e.jpg,w_03193e5
3114ef6d5.jpg,w_0745b0e
09e89d3d0.jpg,w_0886321
f4372c0a7.jpg,w_0c59853
dd84d92a5.jpg,w_101990d
66d444e7c.jpg,w_0a6e626
f49347c85.jpg,w_0741282
980da1ef5.jpg,w_0bc1de9
d15b8283c.jpg,w_0815d2c
ab1ea4e0d.jpg,w_0a8d318
b2879be60.jpg,w_0e35358
e1b722987.jpg,w_0a619af
8d9c5b4eb.jpg,w_08630fd
b8e258cd5.jpg,w_036bc54
e0d10fbcb.jpg,w_030e2cf
fcf660c38.jpg,w_02aa597
a615d69f9.jpg,w_0369a5c
12f534925.jpg,w_06619ff
96d5ea6ed.jpg,w_08d62ee
371ef846f.jpg,w_0f25e6b
f02df0ba7.jpg,w_06a10b4
704f72960.jpg,w_0833a92
807c5b847.jpg,w_0ee7878
0695dc488.jpg,w_0abdaf4
75ad5e6b0.jpg,w_04003e9
1d30841d4.jpg,w_0bc078c
deb2013c8.jpg,w_107b98e
c5f7b85de.jpg,w_00904a7
7d5803fd0.jpg,w_114a297
e7eeaa6fc.jpg,w_0369a5c
929cf0cb6.jpg,w_0d43823
dfdf81315.jpg,w_0369a5c
57703d4ea.jpg,w_0a2e1ef
027f1594f.jpg,w_072f593
a8fa8e19b.jpg,w_066ac1a
2477ca3e8.jpg,w_102e715
88baeec3e.jpg,w_0ce537a
f63bc7458.jpg,w_02aa597
df7c193d9.jpg,w_1029215
b791352d9.jpg,w_0f8ab07
7bb1d2664.jpg,w_0e0f074
10f181c12.jpg,w_0a84ac5
1f6ed9a25.jpg,w_09e51f8
fc15595b3.jpg,w_0369a5c
9b97c5f6e.jpg,w_0d9ddce
629366e7e.jpg,w_0135f5f
37c36c81b.jpg,w_0886321
5934e01ea.jpg,w_0027efa
c25d6f01b.jpg,w_0a155b9
8498fec74.jpg,w_0a155b9
ce6ec0042.jpg,w_0887d9b
a12685d9d.jpg,w_0b1e4a6
df2afc2c5.jpg,w_08630fd
ae95ccfad.jpg,w_02d5c46
8b279f035.jpg,w_007fefa
60410f111.jpg,w_025911c
ef50e4467.jpg,w_05081a8
cc262c705.jpg,w_0b356c2
42575e722.jpg,w_0e0b65c
0b7cbf3f8.jpg,w_01e1fe0
cfbc22dc6.jpg,w_0e0b65c
683b3d7f5.jpg,w_0369a5c
3669a356a.jpg,w_0b398b2
092ef02b8.jpg,w_0369a5c
cf61a1389.jpg,w_02d138d
1887a9835.jpg,w_02c7e9d
75658dde3.jpg,w_1029215
2859e01c6.jpg,w_0fc3e41
03fa69c40.jpg,w_0e7ec27
69bb4fef3.jpg,w_08d62ee
add5a5738.jpg,w_0f25e6b
2b95bba09.jpg,w_010f858
9751c04ca.jpg,w_0135f5f
7ac0fbeb7.jpg,w_0655a0d
b2cabd9d8.jpg,w_002c810
b6a82b6e2.jpg,w_1133530
eabd6eac2.jpg,w_06d2e72
0d2b33d7a.jpg,w_07125ed
abd9dc294.jpg,w_0a155b9
2de488489.jpg,w_0a619af
3a05a393f.jpg,w_0f73f48
2bbad75d4.jpg,w_0369a5c
a4a377911.jpg,w_04d4568
4fe46a8d0.jpg,w_0369a5c
f59428dd5.jpg,w_1032bb6
2a3df73dc.jpg,w_04d4568
f23cce173.jpg,w_0da34d3
4e824e5c5.jpg,w_0bc078c
9227bd606.jpg,w_0cfdaa5
51d2dd610.jpg,w_05f8c99
b0b1b2185.jpg,w_0da34d3
ab0e59a00.jpg,w_07cc9c2
70c4e7684.jpg,w_0886321
0202dfb29.jpg,w_05b4b0c
d6025ca8e.jpg,w_03e3e5e
4c707b23c.jpg,w_0ee7878
999bc9637.jpg,w_022b708
39c4dd04d.jpg,w_0926777
b4e03226d.jpg,w_06e6d5f
79b255f4d.jpg,w_03ad89c
4fa94d7be.jpg,w_04003e9
2e1680f92.jpg,w_0df7caf
3bd2b06cc.jpg,w_090c801
af1a57ca9.jpg,w_0f25e6b
34b2265fe.jpg,w_0637181
3788abda7.jpg,w_0fe6fbb
2d43e205a.jpg,w_00904a7
2bbfd538c.jpg,w_0369a5c
4118566ef.jpg,w_00904a7
910a945e7.jpg,w_0cadbdc
b5795c214.jpg,w_04f5a19
5fe4bd878.jpg,w_022d2f5
db7685ca7.jpg,w_0cbf1b3
8fa70d886.jpg,w_1032bb6
1cb57f0b9.jpg,w_025911c
f85114859.jpg,w_07e0c3c
c5658abf0.jpg,w_0027efa
23e07ca09.jpg,w_0b1e4a6
1d22e9f77.jpg,w_05d65b9
3878e629d.jpg,w_088cda7
88809a435.jpg,w_0c7ab0d
7bb433961.jpg,w_0fdf741
ba57b8f76.jpg,w_0e0f074
409e078e7.jpg,w_04acf95
3fc307587.jpg,w_0a619af
c78c93eae.jpg,w_1029215
80dff8918.jpg,w_0135f5f
411ae328a.jpg,w_0032a46
2c0892b4d.jpg,w_009c9c5
b9aefbbc8.jpg,w_003bae6
664014fcc.jpg,w_0f73f48
4a9e933e0.jpg,w_0baf946
a1513484a.jpg,w_0ee7878
adea972f8.jpg,w_04738c8
8babd9049.jpg,w_03670aa
88766032d.jpg,w_1106cbb
7c8ebdd15.jpg,w_0d052c1
b20e66aa4.jpg,w_022d2f5
bafa47564.jpg,w_03670aa
892e47884.jpg,w_0369a5c
4034c8c65.jpg,w_08d439c
e2ddb23b2.jpg,w_0e9f07a
57fab41e5.jpg,w_0bc078c
6eb58cbba.jpg,w_01cbbbd
337d49a56.jpg,w_066ac1a
82b65b762.jpg,w_04003e9
8922e7b49.jpg,w_0745b0e
5a42d8d25.jpg,w_07768b0
7a8c3417c.jpg,w_066ddc5
204c7a64b.jpg,w_003bae6
3f4576bf2.jpg,w_0815d2c
665c7dade.jpg,w_091ec23
a51fdb475.jpg,w_0a2e1ef
b9b454ebd.jpg,w_0887d9b
321dc9fae.jpg,w_0cbf1b3
4ab9d233c.jpg,w_0c69117
d37c3cded.jpg,w_08630fd
ea9e80cff.jpg,w_06376db
7c8cd5fc2.jpg,w_0b3e0e6
8238b5b87.jpg,w_03670aa
cd18db210.jpg,w_0c76e03
b27b57a0a.jpg,w_0bc078c
2c63ff756.jpg,w_0066399
6b9f88588.jpg,w_0887d9b
64fc5e880.jpg,w_04003e9
fb5712671.jpg,w_0bdb7a5
a2b270cb3.jpg,w_0c5f019
ec9cfeb72.jpg,w_0f5d895
2d695b251.jpg,w_0b398b2
cddfcdbc6.jpg,w_0717f05
5918c5af2.jpg,w_02aa597
f4111999b.jpg,w_05d65b9
43d58590e.jpg,w_0b1e4a6
8edef7e0d.jpg,w_0d145d4
3216ee4c5.jpg,w_0bc078c
cb3450880.jpg,w_0a87ea4
fddc28401.jpg,w_0369a5c
b1d4b648f.jpg,w_0f25e6b
10b1d141d.jpg,w_0655a0d
6b0e212e6.jpg,w_08d5864
b7a1be401.jpg,w_115e880
108f230d8.jpg,w_00656c0
4cfcb1a58.jpg,w_0f73f48
46c4e267a.jpg,w_04f5f55
ee87a2369.jpg,w_0027efa
e869fd969.jpg,w_0369a5c
9a6a08ec6.jpg,w_0bc078c
28163ee5f.jpg,w_0a155b9
a0f4078b6.jpg,w_0aed03f
fd198e007.jpg,w_0369a5c
b7a7d760d.jpg,w_0e9f07a
7107a55b8.jpg,w_059d9e0
f412ecf74.jpg,w_01fc429
aba74d955.jpg,w_07768b0
2a19b20fb.jpg,w_101990d
9d15cdcb4.jpg,w_0531ad5
80501ef9e.jpg,w_091ec23
ad779373e.jpg,w_0c59853
21ae7a13f.jpg,w_0b356c2
426bd892f.jpg,w_0f00df0
4f9b3146a.jpg,w_108b2ed
841f38152.jpg,w_0a87ea4
8a2147f51.jpg,w_0bb71d3
be36659b0.jpg,w_082f603
1e49df4d4.jpg,w_09bd7e8
bb187c817.jpg,w_0135f5f
8f81aaf4f.jpg,w_0b0168a
7855d46af.jpg,w_0a0c768
ad5fff4cb.jpg,w_1082fdc
1ed61f5b5.jpg,w_0ce0555
01f6f8d04.jpg,w_0513962
062d0bd7e.jpg,w_0a7a37c
7d7d8aba1.jpg,w_0ee7878
7bd896845.jpg,w_0a155b9
213111c2c.jpg,w_038e5c3
d802a3f4b.jpg,w_0f84e7c
65a6d0119.jpg,w_02c7e9d
ecad60b15.jpg,w_02aa597
cdd01f382.jpg,w_07d4b0a
ea34e332e.jpg,w_0c76541
15d2f13ab.jpg,w_06a10b4
d53a5dedc.jpg,w_06313c8
6e2633c52.jpg,w_0369a5c
61747578d.jpg,w_0369a5c
f562bbd50.jpg,w_0baf946
8180c1ef0.jpg,w_0369a5c
343e97f54.jpg,w_08630fd
f0e045454.jpg,w_08630fd
2110619d0.jpg,w_02aa597
fd7c7d248.jpg,w_0135f5f
557986e52.jpg,w_1029215
a505313ac.jpg,w_0d145d4
15aee6f52.jpg,w_0df7caf
ef9667cdb.jpg,w_108b2ed
da2163784.jpg,w_042b547
6ca37fe7c.jpg,w_00904a7
e10230cf0.jpg,w_030e2cf
cb5ae8f62.jpg,w_0135f5f
8f947b924.jpg,w_0729126
47bd1d3bb.jpg,w_0027efa
22398a8d4.jpg,w_08630fd
f3a38e7c7.jpg,w_0350bf4
7439a0764.jpg,w_0f1cf57
3a9a7c98d.jpg,w_0a155b9
ea9b1256f.jpg,w_0369a5c
a6b521a21.jpg,w_0e4b65e
8b6530168.jpg,w_0788c36
73bd2b485.jpg,w_069c25b
49ae08129.jpg,w_01cbbbd
60138a0a6.jpg,w_04f5f55
6cf35eb65.jpg,w_08630fd
46a2040fa.jpg,w_0a0c768
f4fc93048.jpg,w_03e3e5e
dafff66dc.jpg,w_07125ed
17931c6b7.jpg,w_10bb1ba
77d8f3fe9.jpg,w_0b398b2
028bbb7af.jpg,w_0189b6d
7d7b5a467.jpg,w_0e26d1a
357db4850.jpg,w_0f5666b
7ec61dd72.jpg,w_0b1e4a6
cdb4eb77e.jpg,w_0369a5c
49f46b23c.jpg,w_0b10e7c
8ccb065d2.jpg,w_025911c
d5e83881e.jpg,w_01976db
e058190f0.jpg,w_0815d2c
47a93852a.jpg,w_06ffb30
a81155e37.jpg,w_07768b0
179a88ebd.jpg,w_0abdaf4
03be3723c.jpg,w_00b3dc2
7b05dd05a.jpg,w_04de239
9322f2196.jpg,w_0ef790d
7a19cbd2a.jpg,w_08630fd
ae3b747e3.jpg,w_0df7caf
a0720a30a.jpg,w_0fefc62
10d462780.jpg,w_0b398b2
858c5f737.jpg,w_069c25b
49c70a889.jpg,w_0369a5c
f48a4940f.jpg,w_02d138d
c7aa4e79a.jpg,w_0718183
56dde09fc.jpg,w_038dfc0
08dd94712.jpg,w_0a155b9
5a2ebf080.jpg,w_0abdaf4
3f03aac80.jpg,w_05b4b0c
6651590c3.jpg,w_0bf90d9
20e7c6af4.jpg,w_007fefa
b66824129.jpg,w_012678c
1b6af70d0.jpg,w_0531ad5
964894403.jpg,w_0f56fb2
6d15db192.jpg,w_0135f5f
8d601c3e1.jpg,w_00289b1
35342ecff.jpg,w_0ecda0a
d5551f265.jpg,w_03670aa
221e5ae7c.jpg,w_0d5fa2c
4fa1367d8.jpg,w_0a619af
4aa059911.jpg,w_0292e15
c21874c84.jpg,w_0cbf1b3
a1ff14e02.jpg,w_066ac1a
d9a60a0ab.jpg,w_0c23936
afdb1c61e.jpg,w_0abdaf4
98b9720b2.jpg,w_10b4603
a91ad30be.jpg,w_0655a0d
7a52cc881.jpg,w_0c69117
807fbffce.jpg,w_0a155b9
3da1a2906.jpg,w_06a10b4
2d9e85456.jpg,w_1032fa3
6d053e4a4.jpg,w_03670aa
d8c46dfbb.jpg,w_09c8a69
4352bc4c7.jpg,w_0fdf741
64aaf956a.jpg,w_0301302
53e1560fd.jpg,w_02c7e9d
1b10e61c5.jpg,w_022b708
0679f42ec.jpg,w_0531ad5
6d4adb609.jpg,w_0fdf741
1f7adf76c.jpg,w_0887d9b
ee048a5d6.jpg,w_038dfc0
88abb522a.jpg,w_0cfae04
0d1afd555.jpg,w_0a7a37c
a2e01f223.jpg,w_0369a5c
cca6226b1.jpg,w_0e7aae1
bb0a270bd.jpg,w_04003e9
d590003df.jpg,w_08d439c
d0352ceda.jpg,w_09bd7e8
34f1cd20c.jpg,w_07768b0
1bbd1dade.jpg,w_1006b9c
b46d007cf.jpg,w_06fb64a
ae7993c1d.jpg,w_030c8b0
4afe20ae4.jpg,w_00904a7
d4d5d021c.jpg,w_0fdf741
f07355595.jpg,w_107b98e
a7130cbb0.jpg,w_0bc078c
bd089092e.jpg,w_0a2e1ef
9f7b01613.jpg,w_0e34e76
72e623c89.jpg,w_0350bf4
aec907ad2.jpg,w_048bc73
98c45f783.jpg,w_08010cc
d9c0af6b6.jpg,w_0f56fb2
212eeaa42.jpg,w_0a8e080
871b71e0b.jpg,w_0630c3e
c69d45bba.jpg,w_0bfdcca
c17150279.jpg,w_0b356c2
a7445912e.jpg,w_0369a5c
2b7fe637b.jpg,w_0fdf741
cf57dab65.jpg,w_093d284
7b3175f06.jpg,w_0ee7878
ae0292fa4.jpg,w_07768b0
4e3915e95.jpg,w_06d2e72
16b5433c0.jpg,w_06935ed
e10b500e5.jpg,w_0135f5f
cd520d861.jpg,w_0637181
07da3da9f.jpg,w_04ebfe8
fae3fc649.jpg,w_0db234e
394868dbd.jpg,w_1032bb6
f8ba40772.jpg,w_0d1b964
65388f5b6.jpg,w_0714a46
294ab237b.jpg,w_04003e9
85cae2282.jpg,w_0c59853
9d3a0bf95.jpg,w_0369a5c
e3fe27a84.jpg,w_0350bf4
20554cdf3.jpg,w_08630fd
a328463be.jpg,w_090c801
13ec3b608.jpg,w_0887d9b
9d22f3f09.jpg,w_042b547
53d9c8700.jpg,w_0e1eccb
e249d8537.jpg,w_08630fd
3eda14345.jpg,w_0788c36
5561a4810.jpg,w_007fefa
2fae0073c.jpg,w_066ac1a
4ee1fadfd.jpg,w_06619ff
2978f6d63.jpg,w_08c7d09
ef32fad87.jpg,w_0f1cf57
c538e54ce.jpg,w_06d2e72
f1ed808a4.jpg,w_0887d9b
1965df4d1.jpg,w_0a155b9
8a4d94342.jpg,w_0a31a3a
dd6d5e939.jpg,w_1083a05
6a71f51dd.jpg,w_0135f5f
f0ec5f390.jpg,w_0bc078c
675c4feef.jpg,w_0b10e7c
6a2e75bd0.jpg,w_0886321
2d4860290.jpg,w_0baf946
8f30dc2fc.jpg,w_1029215
4d050298e.jpg,w_007fefa
87ce2ddaf.jpg,w_1029215
85700387a.jpg,w_07c946d
4f495a9c8.jpg,w_012678c
1cc6523fc.jpg,w_00d50c9
fc0980b84.jpg,w_0189b6d
afdefbebc.jpg,w_0fc3e41
12093d2aa.jpg,w_022b708
4275b9298.jpg,w_0bc078c
2f2dbd7a8.jpg,w_051764c
a0b294a99.jpg,w_0e2a5bd
6e37cdae9.jpg,w_0bc078c
8fe9548aa.jpg,w_0ac10f3
cd74760f1.jpg,w_08630fd
34c035af3.jpg,w_06460d7
cf6dd03da.jpg,w_04003e9
4e6290672.jpg,w_00289b1
081ec14a6.jpg,w_0fdf741
36f990879.jpg,w_0db2e26
608cc339e.jpg,w_0ee7878
9800da2fa.jpg,w_07768b0
7c2ed3432.jpg,w_025911c
77738baf5.jpg,w_0369a5c
2fe2cc5c0.jpg,w_0003c59
073fc11a0.jpg,w_0a155b9
6662f0d1c.jpg,w_0115c24
f73a2342e.jpg,w_0531ad5
e91b93c2d.jpg,w_0c80c53
4aa83508c.jpg,w_092d942
da4caf556.jpg,w_0f56fb2
2cabe97e8.jpg,w_0f5d895
603cdf00e.jpg,w_0cbf1b3
0988577d9.jpg,w_01cbbbd
b7bf7541d.jpg,w_0fdf741
9d6f16d17.jpg,w_03ad89c
2195df78d.jpg,w_0f466a5
3d3c22340.jpg,w_090c08a
46aa27cd9.jpg,w_06460d7
f083e0dad.jpg,w_0b995e5
5ab821ac1.jpg,w_0ee7878
b576308d0.jpg,w_06de0a6
91c9e4cc1.jpg,w_01f14e1
68864b49b.jpg,w_0718183
07ed6e781.jpg,w_0886321
a8256f33f.jpg,w_0a31a3a
2c7666acf.jpg,w_10b4603
0dd099302.jpg,w_0a87ea4
77c1139d0.jpg,w_0f8b8e2
54090043b.jpg,w_0ee9ae5
6884cc4a5.jpg,w_0a619af
87cf3f3fc.jpg,w_0d1b964
afe2914ad.jpg,w_007fefa
9ef9d541e.jpg,w_0292e15
5db4348dd.jpg,w_0cbf1b3
c938f9d6f.jpg,w_00d50c9
3332b245e.jpg,w_03670aa
5003d7331.jpg,w_0fdf741
78bc96c5b.jpg,w_030e2cf
d9c57158c.jpg,w_0dd4a5d
0ed4c90bc.jpg,w_08630fd
44755fd4d.jpg,w_10f67bb
cf2d92762.jpg,w_08630fd
9ae676cb0.jpg,w_010f858
f41aa7881.jpg,w_03670aa
1326bcb86.jpg,w_0ad1734
10d70d58b.jpg,w_0637181
5a795fffa.jpg,w_08d62ee
23acb3957.jpg,w_007fefa
a8d5237c0.jpg,w_010f858
8ae1775bf.jpg,w_0cfdaa5
35f4646de.jpg,w_0fdf741
5610c29b2.jpg,w_0b3e0e6
439fd7b64.jpg,w_107b98e
1ddec56e7.jpg,w_0277a07
d951d79a5.jpg,w_090c801
b02776dad.jpg,w_0f86e70
66f85a14b.jpg,w_05d65b9
aa69cda83.jpg,w_1083a05
fb403643f.jpg,w_1133530
315ad3c1e.jpg,w_0cadbdc
ff31cf802.jpg,w_0f466a5
86648ec62.jpg,w_01f14e1
a372ee026.jpg,w_08b0eac
8c14cdaf0.jpg,w_0ffa15f
04ef6e1d6.jpg,w_02d138d
55439f4de.jpg,w_04003e9
25f69b1db.jpg,w_04d4568
c5c1aa0ba.jpg,w_0531ad5
c74784e88.jpg,w_0bc078c
513e20672.jpg,w_0a619af
9e1f7cc3c.jpg,w_0369a5c
bc65d6e46.jpg,w_0db2e26
aa5331a49.jpg,w_0292e15
8658b6af5.jpg,w_05081a8
645300669.jpg,w_00d50c9
85332a7b4.jpg,w_025911c
12f5ad5a6.jpg,w_0369a5c
782a29284.jpg,w_0350bf4
adf413d92.jpg,w_0a619af
d5821a9c8.jpg,w_04de239
399533efd.jpg,w_003bae6
74fdd4b11.jpg,w_0dc84fd
72ead0a4d.jpg,w_0ee7878
ebde74948.jpg,w_030e2cf
06ae83bbc.jpg,w_0369a5c
40c39c795.jpg,w_0f25e6b
9af0cabb6.jpg,w_0369a5c
96113d9ee.jpg,w_10f3b75
44d1d0559.jpg,w_0bd2e46
a5c0823ba.jpg,w_0369a5c
84c2cb2d6.jpg,w_0369a5c
19d20a1ae.jpg,w_0af3867
77fef7f1a.jpg,w_00d5466
cdbe490df.jpg,w_0fb38fe
3c4235ad2.jpg,w_0027efa
5b2646a56.jpg,w_0118bab
f64ef3d0b.jpg,w_074530d
987e6b641.jpg,w_0b1e4a6
4cc7c734b.jpg,w_04003e9
2ba91c238.jpg,w_04713fd
6a0cd4d60.jpg,w_0bc078c
847b16277.jpg,w_00a41ba
7afef4a83.jpg,w_00904a7
ed4b1a9ba.jpg,w_0c5f019
03776d685.jpg,w_0b398b2
f694ac18b.jpg,w_02ff6d6
c930a3c1a.jpg,w_074a5ba
5dea14a9b.jpg,w_0bbc3cb
ea8520852.jpg,w_05bf34e
43c903a46.jpg,w_0e35358
86517d536.jpg,w_1082fdc
929cb0fbe.jpg,w_04003e9
19ca41e81.jpg,w_0fedd59
1282233d6.jpg,w_0f4d4ac
1c1a6c7ec.jpg,w_0749e87
212e97cd9.jpg,w_07768b0
dd7a44da8.jpg,w_0f8b8e2
4bb9c9727.jpg,w_00f340d
8bfe10108.jpg,w_03670aa
a7aaffb1b.jpg,w_02c7e9d
3e25bf128.jpg,w_0717f05
54f1d85a8.jpg,w_0369a5c
8a2d327e1.jpg,w_0f8b8e2
8c2af4533.jpg,w_0350bf4
e7fbbcac8.jpg,w_0189b6d
5f0e182ea.jpg,w_022b708
ded11c90e.jpg,w_0bc078c
0ca1eb740.jpg,w_1032fa3
d70f0cfbb.jpg,w_066ddc5
810f4ba12.jpg,w_0887d9b
af26fc55a.jpg,w_09c8a69
317a126f4.jpg,w_0369a5c
83fad1bd7.jpg,w_0bdc5d5
73135d38c.jpg,w_04003e9
70c60ea38.jpg,w_025911c
86c8cf90c.jpg,w_054162a
c480b0829.jpg,w_0a155b9
3161ae9b9.jpg,w_003bae6
e9b0ff47a.jpg,w_031e1a3
5c077dd40.jpg,w_00904a7
30eac8c9f.jpg,w_0027efa
bc5dc4f31.jpg,w_01d790e
4f0be568a.jpg,w_0b1e4a6
cccdb4d42.jpg,w_01f14e1
031e2f2e0.jpg,w_0b1e4a6
eb954a222.jpg,w_0abdaf4
511f49e5d.jpg,w_038dfc0
6ae2c4a7e.jpg,w_1032bb6
ee07a850c.jpg,w_0135f5f
c59715912.jpg,w_0ee1b0f
eec64c659.jpg,w_0bc078c
fc5c296f8.jpg,w_0369a5c
910e6297a.jpg,w_00656c0
b63842413.jpg,w_04003e9
035558cb4.jpg,w_0cfdaa5
8da7a67ef.jpg,w_107b98e
12670516b.jpg,w_0369a5c
b8d698d07.jpg,w_07cb113
3e8f4e0c6.jpg,w_0da34d3
c8ea28ed5.jpg,w_0d7b050
5f72227dc.jpg,w_0ce0555
79fac8c6d.jpg,w_009c9c5
10b694367.jpg,w_04003e9
8123baf95.jpg,w_0f1cf57
0eccbfc78.jpg,w_0f0f15c
28906db3d.jpg,w_0e93f25
b6231088b.jpg,w_08630fd
cc6c1a235.jpg,w_0027efa
438cbbf2f.jpg,w_022b708
833675975.jpg,w_0003639
47458b01a.jpg,w_114a297
cc7b82954.jpg,w_025911c
765b580c6.jpg,w_1032bb6
83d84e206.jpg,w_1032bb6
85b20c974.jpg,w_0a8a451
14bf04de1.jpg,w_02545ea
b94450f8e.jpg,w_00d50c9
a6dd1b50b.jpg,w_03670aa
0d8e41a96.jpg,w_093d284
f2be2c9a0.jpg,w_02e8199
877871282.jpg,w_0c80c53
29ce8b754.jpg,w_0d9ddce
afaef5a7a.jpg,w_030c8b0
4c9966db6.jpg,w_030e2cf
9ae2b2b8a.jpg,w_05669fe
afd7136b1.jpg,w_0cfae04
3d7f4c7d5.jpg,w_04003e9
ab16d20c1.jpg,w_0d77f32
f06c4e252.jpg,w_0369a5c
6f8798a7f.jpg,w_0a8e080
99e2778d7.jpg,w_107b98e
4f1eda7c4.jpg,w_1029215
d9766545c.jpg,w_08eadf6
3ee226849.jpg,w_0350bf4
615e056f1.jpg,w_049ae2e
70029fb9f.jpg,w_0369a5c
a5494c65e.jpg,w_012678c
3abd9777b.jpg,w_08753b7
056472b40.jpg,w_01cbbbd
7186c0b33.jpg,w_030e2cf
d76760615.jpg,w_0833a92
b87617538.jpg,w_0887d9b
1ffbe52d0.jpg,w_08630fd
48629a59c.jpg,w_0d1b964
c4e7739b0.jpg,w_06376db
ecc7378ff.jpg,w_0adb403
e67ec3116.jpg,w_0fdf741
a2e039c8d.jpg,w_093ea58
a3e341b0e.jpg,w_09c737d
cd598b557.jpg,w_037b23f
91a56fa0e.jpg,w_0bc078c
d70253731.jpg,w_069c25b
0ed27e77e.jpg,w_0b3e0e6
241878da0.jpg,w_025911c
70b6cc225.jpg,w_0a31a3a
e6f2113d5.jpg,w_107b98e
5e8bd31a3.jpg,w_0bc078c
a61f10298.jpg,w_0b0168a
db6308d57.jpg,w_0e325b0
517a913e5.jpg,w_0f031ca
7abceec23.jpg,w_0182687
2b6126122.jpg,w_0fdf741
9473bce30.jpg,w_0369a5c
0d5777fc2.jpg,w_00904a7
cd49e7801.jpg,w_0dc84fd
a7764e682.jpg,w_07e0c3c
c48bb3cbf.jpg,w_00904a7
cf1426619.jpg,w_025911c
fe32facef.jpg,w_0189b6d
2543a003c.jpg,w_027f528
9f777cd9d.jpg,w_0a619af
6d5835281.jpg,w_0135f5f
4ed48c12c.jpg,w_0bb9927
d1ef8a98d.jpg,w_069c25b
6795cf9f6.jpg,w_0f03c44
2960823e0.jpg,w_0f56fb2
f391d5d90.jpg,w_0ee7878
5b52d4558.jpg,w_0a155b9
f93cc45f3.jpg,w_07125ed
cabff8a49.jpg,w_0a155b9
fa3104518.jpg,w_0d4a14b
9fcd7af75.jpg,w_025911c
72d78f3eb.jpg,w_08630fd
7db601d10.jpg,w_0815d2c
324feb15f.jpg,w_0fe6fbb
44818fe41.jpg,w_0369a5c
0bd1610f8.jpg,w_0b1e4a6
97850be4d.jpg,w_065ee1b
a41c455c9.jpg,w_0abdaf4
f5c9abd36.jpg,w_0f8b8e2
ad1a1eaeb.jpg,w_02aa597
9fc5c5b92.jpg,w_0da9a8f
ce370967c.jpg,w_08630fd
566f4ef95.jpg,w_022b708
aefc4a406.jpg,w_0f8b8e2
a1051c478.jpg,w_0369a5c
bb1f8b557.jpg,w_0cbf1b3
7decc6ba2.jpg,w_022b708
8ab55e5fb.jpg,w_0369a5c
bc86bece0.jpg,w_08630fd
55909c985.jpg,w_025911c
befa85d55.jpg,w_07768b0
86388dfbc.jpg,w_02545ea
d0eccd9d7.jpg,w_066ddc5
077f58a47.jpg,w_065ee1b
1036d595d.jpg,w_066ddc5
f38b7abe2.jpg,w_03670aa
a98abe52b.jpg,w_0fdf741
a89ba106e.jpg,w_06d2e72
1eccb4eba.jpg,w_007fefa
768e2691d.jpg,w_04f5f55
f4fa5b5ec.jpg,w_076bb5a
24f498675.jpg,w_0513962
4e042ba02.jpg,w_0ffa15f
767d32f98.jpg,w_05cc23c
dc891c82e.jpg,w_01cbbbd
fb36c8732.jpg,w_0aea542
18cf89a6f.jpg,w_0887d9b
f0908ef40.jpg,w_0bc078c
7ef14a014.jpg,w_0369a5c
2089dfc87.jpg,w_04d4568
b678979f0.jpg,w_06d2e72
29163ad0b.jpg,w_0b398b2
71f3d86b6.jpg,w_025911c
b6dfbb60a.jpg,w_0369a5c
0c8fc7db6.jpg,w_08d62ee
b8afa1c42.jpg,w_086f404
550b7eb5a.jpg,w_0b1e4a6
4d36abc45.jpg,w_0630c3e
c6a6fe666.jpg,w_05bf34e
541dda6ec.jpg,w_07768b0
5faa8ae71.jpg,w_07cb113
14927c837.jpg,w_10f3b75
a6183dab0.jpg,w_0887d9b
fda6ab1d3.jpg,w_02ff6d6
2354879ce.jpg,w_04003e9
efbc30ed8.jpg,w_09bd7e8
276f83d14.jpg,w_03670aa
c108bd2eb.jpg,w_0ac10f3
873852b37.jpg,w_03670aa
dfe347181.jpg,w_0ee7878
88006ed71.jpg,w_0815d2c
fb8188b10.jpg,w_0ee9ae5
e8f98cf7a.jpg,w_0db234e
ad6264194.jpg,w_0d43823
436a2e109.jpg,w_08630fd
a912d3302.jpg,w_056913a
39a3458a3.jpg,w_0292e15
b5a4cc1e9.jpg,w_0bfc890
28699a435.jpg,w_007fefa
3ff8e6bd6.jpg,w_0118bab
b4c91740b.jpg,w_093d284
38ae2aefb.jpg,w_025911c
30c4c7619.jpg,w_08630fd
4b29d0885.jpg,w_03670aa
ad2e5e991.jpg,w_030e2cf
47f88ae6c.jpg,w_0369a5c
ede5f6daa.jpg,w_0d7b050
306198d1e.jpg,w_065ee1b
49ab2b4c8.jpg,w_0655608
16565e831.jpg,w_0d11fa9
e68ce992b.jpg,w_05d52d0
18f817e48.jpg,w_04003e9
e9613e991.jpg,w_06a10b4
10c3eb27b.jpg,w_072179d
0912b97e6.jpg,w_054162a
b35c17b62.jpg,w_0e7aae1
208d6e192.jpg,w_1006b9c
80313eb5b.jpg,w_0a31a3a
cadfd920b.jpg,w_0b356c2
61364fc83.jpg,w_10a4e10
6c3b93a99.jpg,w_08b0eac
5879d4238.jpg,w_08630fd
f9e367ebd.jpg,w_0a7a37c
627d290f9.jpg,w_0f56fb2
0cc97c518.jpg,w_08630fd
b2acbd8df.jpg,w_0027efa
e3669f582.jpg,w_0ee7878
ec6b7950e.jpg,w_01cbbbd
d810a964e.jpg,w_0b398b2
b346f13db.jpg,w_09de1a5
a286f6ff3.jpg,w_01f14e1
d7e1e94ec.jpg,w_10f67bb
69d196ec0.jpg,w_036dbd0
cccd3944c.jpg,w_0cbf1b3
180056116.jpg,w_04003e9
732d39791.jpg,w_0aea542
84167ceac.jpg,w_0a7a37c
166a9e05d.jpg,w_010f858
ff9383335.jpg,w_04003e9
38d2d8683.jpg,w_0d4a14b
99b7c75cf.jpg,w_01cbbbd
2358c2bf1.jpg,w_0a87ea4
96a062dd9.jpg,w_0135f5f
fc7e96519.jpg,w_04f5a19
97728471d.jpg,w_0718183
4268fd0b3.jpg,w_056710d
0802733c0.jpg,w_0a6c4c7
4e6c0e6da.jpg,w_04003e9
7b6a293a2.jpg,w_0f25e6b
837cfabb3.jpg,w_0a155b9
fa54e0c0f.jpg,w_0c69117
3dbfe7a85.jpg,w_0ea7436
67947e46b.jpg,w_00d5e98
bf1eba5c2.jpg,w_007fefa
54855a6f5.jpg,w_0532483
eeb49a892.jpg,w_0a8d318
785aba89d.jpg,w_0d145d4
b8ed39d6a.jpg,w_0ecda0a
d21000228.jpg,w_07d4b0a
c8dd00a8a.jpg,w_0f4d4ac
49f92915d.jpg,w_0323574
8fa189845.jpg,w_04003e9
9abdda709.jpg,w_072f593
16fff2239.jpg,w_0db234e
2d83b5312.jpg,w_0369a5c
e71163fca.jpg,w_1032bb6
1c26a71ef.jpg,w_0749e87
b03df4e31.jpg,w_0d5fa2c
8cb442ee3.jpg,w_0887d9b
267c5e560.jpg,w_0a155b9
52e3557b3.jpg,w_0c5f019
644564494.jpg,w_0fefc62
b3ba738d7.jpg,w_00904a7
da6dfd5ae.jpg,w_025911c
08348476c.jpg,w_04713fd
9efc01fe3.jpg,w_0bc078c
0e9eed1ea.jpg,w_0f25e3c
cadc185bb.jpg,w_0189b6d
311360c0e.jpg,w_0a619af
02fa23b44.jpg,w_065ee1b
45adc4f95.jpg,w_04003e9
a9d1a9ec2.jpg,w_0823d50
8d2236147.jpg,w_07768b0
f2f2e309d.jpg,w_0cc0430
361f2e9cb.jpg,w_0a155b9
43a40ef6a.jpg,w_0baf946
71620fa91.jpg,w_03670aa
17bb74c11.jpg,w_07125ed
53613fa13.jpg,w_08630fd
39a1d98ec.jpg,w_007fefa
4444f4b3d.jpg,w_06a10b4
ca2d288dc.jpg,w_030ac9b
465e9d054.jpg,w_0b10e7c
63478959b.jpg,w_0369a5c
62b4b391c.jpg,w_0abdaf4
65f0bedaf.jpg,w_04d4568
6ac72a35a.jpg,w_022b708
8c50ecf42.jpg,w_0135f5f
36fc5c7db.jpg,w_059d9e0
b9d2462fd.jpg,w_01cbbbd
e3580150c.jpg,w_0d052c1
09646b979.jpg,w_0d5a672
61ad2ad83.jpg,w_0f8b8e2
58bc661b5.jpg,w_0135f5f
7310db19b.jpg,w_0fefc62
7b9a5e4d8.jpg,w_0027efa
f2b57388b.jpg,w_08d62ee
826d2499c.jpg,w_0e2b483
0aaf1e2e2.jpg,w_10f67bb
afba80921.jpg,w_1032fa3
5a0e09e88.jpg,w_102821e
c3e675078.jpg,w_0369a5c
557c56974.jpg,w_04003e9
e253710c1.jpg,w_1032bb6
8f6bf434f.jpg,w_104d305
bd4eaa1cb.jpg,w_0369a5c
73b6d06ab.jpg,w_0833a92
f7802f07b.jpg,w_0fdf741
6768d8297.jpg,w_0577ccc
1a3b7215f.jpg,w_0cfdaa5
27b9cf52a.jpg,w_0ca546b
6e33efbf2.jpg,w_10d9667
90fed4cc6.jpg,w_0fdf741
2885ea466.jpg,w_00904a7
02e7b200c.jpg,w_0bd39c1
9e23aabc4.jpg,w_0f8b8e2
9a2968eae.jpg,w_036bc54
212ab04ec.jpg,w_0a0b4c6
f735ea231.jpg,w_0e9f07a
9d1331572.jpg,w_08d62ee
06d9031e9.jpg,w_0655a0d
2f31725c6.jpg,w_0027efa
88d792568.jpg,w_102821e
c3f218b9c.jpg,w_06471d5
f878d4f70.jpg,w_0abdaf4
fd65307c0.jpg,w_0cbf1b3
e6d7d9e7c.jpg,w_1032bb6
815516c30.jpg,w_0d052c1
b758f5366.jpg,w_003bae6
aaa1d7ba8.jpg,w_0b1e4a6
97abf1d07.jpg,w_0135f5f
5ada27d25.jpg,w_08630fd
e630df353.jpg,w_070036a
4176c9f84.jpg,w_0bb71d3
f75f03fdf.jpg,w_0718183
3f71f580d.jpg,w_0369a5c
dc0f310c3.jpg,w_0cbf1b3
3e69d7030.jpg,w_0369a5c
fc3c3dd2d.jpg,w_063282e
c1e1d7f3e.jpg,w_01f14e1
c28829037.jpg,w_01cbbbd
7aeb8bc91.jpg,w_06471d5
a93854874.jpg,w_0d61101
d3c7bdeeb.jpg,w_08d62ee
e76e9abec.jpg,w_08d62ee
bd3f7ba02.jpg,w_00d50c9
294d8eedc.jpg,w_0f73f48
e2aeb6004.jpg,w_03e3e5e
c74553589.jpg,w_0140c92
92399418a.jpg,w_1032fa3
b079abb57.jpg,w_02d138d
94d36e8e4.jpg,w_0718183
aca3c0961.jpg,w_0d5a672
a2935e356.jpg,w_0323574
8f8e865a1.jpg,w_04003e9
ec8d7c141.jpg,w_0532483
8ba2a856c.jpg,w_02aa597
a828d3524.jpg,w_0ad0f5b
f7d525070.jpg,w_049ae2e
11033c99a.jpg,w_0c5f019
a1ca1eb39.jpg,w_0f466a5
9021d9d1f.jpg,w_05bf34e
3f3790cb3.jpg,w_0bd39c1
1a8fd1c27.jpg,w_022b708
0702dfdcf.jpg,w_0655608
e6ad0fc1a.jpg,w_04acf95
feb20aa0d.jpg,w_102e715
c765f23ab.jpg,w_0f73f48
81883e92e.jpg,w_0577ccc
eeb35fd57.jpg,w_06d2e72
80544d1eb.jpg,w_0886321
5adafc2cf.jpg,w_0ee7878
b9bcaa1a4.jpg,w_07019f4
c4d269bf6.jpg,w_0bfc890
32618d9eb.jpg,w_01e1b97
61d4a9cfa.jpg,w_090c801
d73b9ddb7.jpg,w_04003e9
6c42cf29d.jpg,w_0135f5f
65d9f620f.jpg,w_01cb0c4
1a7d55db5.jpg,w_0fdde23
7ac2597a2.jpg,w_069c25b
c0a8133d9.jpg,w_06d2e72
b49d9ecb2.jpg,w_0c76541
b322d83e4.jpg,w_0f031ca
7a923e7ae.jpg,w_01a1d88
94346ceb9.jpg,w_0f8b8e2
f0aea880f.jpg,w_1029215
5d425bd02.jpg,w_0ac1b5f
7d308e8d4.jpg,w_0b398b2
6640bb4d4.jpg,w_0eab54f
9f95529cd.jpg,w_0ef790d
bdb41dba8.jpg,w_007fefa
e663beed0.jpg,w_030ac9b
5a0c448f0.jpg,w_0ef790d
91d8e1d2b.jpg,w_08b0eac
8a1d7cc66.jpg,w_0135f5f
dcfd9b396.jpg,w_0b1e4a6
b97d2ba45.jpg,w_06e4776
ed8b8b131.jpg,w_03270e3
0829ae94e.jpg,w_04003e9
aae1be7aa.jpg,w_0a0c768
faa6859de.jpg,w_0bc078c
60fd46031.jpg,w_0a155b9
2682918b3.jpg,w_0f8b8e2
c13921066.jpg,w_0a8d318
f833fb7cc.jpg,w_102e715
9ea788e94.jpg,w_04d4568
11116ae07.jpg,w_0135f5f
a33407096.jpg,w_0a155b9